{
    "loss": 0.3747648290273818,
    "accuracy": 0.8771428571428571
}